"","team_api_id","team_long_name","BuildUpAll","ChanceUpAll","DefUpAll","GoalTotal"
"1",1601,"Ruch Chorzów",70,155,175,280
"2",1601,"Ruch Chorzów",99,186,144,280
"3",1601,"Ruch Chorzów",108,159,136,280
"4",1601,"Ruch Chorzów",108,159,136,280
"5",1601,"Ruch Chorzów",139,181,136,280
"6",1601,"Ruch Chorzów",133,176,136,280
"7",1773,"Oud-Heverlee Leuven",102,157,137,126
"8",1773,"Oud-Heverlee Leuven",102,157,137,126
"9",1773,"Oud-Heverlee Leuven",153,157,137,126
"10",1957,"Jagiellonia Białystok",80,150,210,287
"11",1957,"Jagiellonia Białystok",85,151,140,287
"12",1957,"Jagiellonia Białystok",127,163,141,287
"13",1957,"Jagiellonia Białystok",127,163,141,287
"14",1957,"Jagiellonia Białystok",130,146,162,287
"15",1957,"Jagiellonia Białystok",158,152,162,287
"16",2033,"S.C. Olhanense",100,155,155,138
"17",2033,"S.C. Olhanense",120,165,130,138
"18",2033,"S.C. Olhanense",85,134,105,138
"19",2033,"S.C. Olhanense",97,133,112,138
"20",2033,"S.C. Olhanense",147,134,105,138
"21",2182,"Lech Poznań",75,155,160,372
"22",2182,"Lech Poznań",121,186,144,372
"23",2182,"Lech Poznań",121,185,157,372
"24",2182,"Lech Poznań",121,185,157,372
"25",2182,"Lech Poznań",176,185,157,372
"26",2182,"Lech Poznań",147,196,153,372
"27",2183,"P. Warszawa",70,155,175,184
"28",2183,"P. Warszawa",80,162,140,184
"29",2183,"P. Warszawa",79,180,113,184
"30",2183,"P. Warszawa",79,131,139,184
"31",2186,"Cracovia",75,140,205,235
"32",2186,"Cracovia",97,148,144,235
"33",2186,"Cracovia",116,168,163,235
"34",2186,"Cracovia",125,165,157,235
"35",2186,"Cracovia",125,165,157,235
"36",4087,"Évian Thonon Gaillard FC",100,180,165,180
"37",4087,"Évian Thonon Gaillard FC",97,168,153,180
"38",4087,"Évian Thonon Gaillard FC",97,168,153,180
"39",4087,"Évian Thonon Gaillard FC",156,161,153,180
"40",4087,"Évian Thonon Gaillard FC",149,164,140,180
"41",4170,"US Boulogne Cote D'Opale",75,150,200,31
"42",4170,"US Boulogne Cote D'Opale",85,165,155,31
"43",4170,"US Boulogne Cote D'Opale",86,154,155,31
"44",6269,"Novara",88,163,151,34
"45",6269,"Novara",105,150,130,34
"46",6269,"Novara",128,172,147,34
"47",6269,"Novara",179,168,138,34
"48",6351,"KAS Eupen",105,160,155,28
"49",6391,"GFC Ajaccio",113,179,146,37
"50",6391,"GFC Ajaccio",153,163,141,37
"51",6403,"FC Paços de Ferreira",60,170,90,292
"52",6403,"FC Paços de Ferreira",100,148,150,292
"53",6403,"FC Paços de Ferreira",77,157,143,292
"54",6403,"FC Paços de Ferreira",89,157,139,292
"55",6403,"FC Paços de Ferreira",117,157,139,292
"56",6403,"FC Paços de Ferreira",142,169,139,292
"57",6413,"PEC Zwolle",96,154,141,204
"58",6413,"PEC Zwolle",137,161,181,204
"59",6413,"PEC Zwolle",136,165,181,204
"60",6421,"Leixões SC",60,165,90,55
"61",6433,"Go Ahead Eagles",144,132,141,74
"62",6433,"Go Ahead Eagles",160,131,141,74
"63",6493,"AC Bellinzona",90,175,150,128
"64",6493,"AC Bellinzona",101,148,138,128
"65",6547,"FC Penafiel",147,146,121,29
"66",6631,"FC Dordrecht",134,176,164,24
"67",7730,"FC Lausanne-Sports",90,160,165,99
"68",7730,"FC Lausanne-Sports",86,160,141,99
"69",7730,"FC Lausanne-Sports",100,160,141,99
"70",7730,"FC Lausanne-Sports",141,164,145,99
"71",7788,"SC Cambuur",126,159,138,119
"72",7788,"SC Cambuur",136,134,138,119
"73",7794,"SC Bastia",85,140,210,165
"74",7794,"SC Bastia",100,150,139,165
"75",7794,"SC Bastia",100,150,139,165
"76",7794,"SC Bastia",171,156,134,165
"77",7794,"SC Bastia",174,156,147,165
"78",7819,"SM Caen",95,155,205,220
"79",7819,"SM Caen",100,165,165,220
"80",7819,"SM Caen",100,155,143,220
"81",7819,"SM Caen",100,155,143,220
"82",7819,"SM Caen",157,155,136,220
"83",7819,"SM Caen",157,155,136,220
"84",7841,"Rio Ave FC",60,160,90,248
"85",7841,"Rio Ave FC",100,180,140,248
"86",7841,"Rio Ave FC",74,168,131,248
"87",7841,"Rio Ave FC",74,168,131,248
"88",7841,"Rio Ave FC",157,177,153,248
"89",7841,"Rio Ave FC",157,177,153,248
"90",7842,"Estoril Praia",118,139,150,167
"91",7842,"Estoril Praia",174,139,150,167
"92",7842,"Estoril Praia",167,139,150,167
"93",7844,"Vitória Guimarães",60,165,90,300
"94",7844,"Vitória Guimarães",112,164,158,300
"95",7844,"Vitória Guimarães",79,179,177,300
"96",7844,"Vitória Guimarães",79,179,173,300
"97",7844,"Vitória Guimarães",131,173,141,300
"98",7844,"Vitória Guimarães",131,173,141,300
"99",7869,"Córdoba CF",60,140,105,22
"100",7869,"Córdoba CF",80,128,122,22
"101",7869,"Córdoba CF",93,159,129,22
"102",7869,"Córdoba CF",93,159,129,22
"103",7869,"Córdoba CF",146,154,129,22
"104",7869,"Córdoba CF",141,171,129,22
"105",7878,"Granada CF",105,168,170,179
"106",7878,"Granada CF",85,200,162,179
"107",7878,"Granada CF",89,200,162,179
"108",7878,"Granada CF",151,187,158,179
"109",7878,"Granada CF",166,175,155,179
"110",7943,"Sassuolo",60,120,90,141
"111",7943,"Sassuolo",100,171,105,141
"112",7943,"Sassuolo",100,150,130,141
"113",7943,"Sassuolo",117,183,138,141
"114",7943,"Sassuolo",188,186,137,141
"115",7943,"Sassuolo",182,169,138,141
"116",7955,"Neuchâtel Xamax",105,190,150,171
"117",7955,"Neuchâtel Xamax",101,138,146,171
"118",7955,"Neuchâtel Xamax",99,121,116,171
"119",8019,"Górnik Łęczna",140,139,149,61
"120",8020,"Polonia Bytom",80,150,185,245
"121",8020,"Polonia Bytom",84,122,162,245
"122",8021,"Zagłębie Lubin",115,140,210,207
"123",8021,"Zagłębie Lubin",91,123,157,207
"124",8021,"Zagłębie Lubin",71,192,157,207
"125",8021,"Zagłębie Lubin",71,167,157,207
"126",8021,"Zagłębie Lubin",133,149,148,207
"127",8023,"Pogoń Szczecin",121,185,157,152
"128",8023,"Pogoń Szczecin",134,140,157,152
"129",8023,"Pogoń Szczecin",119,144,158,152
"130",8024,"Widzew Łódź",111,169,158,122
"131",8024,"Widzew Łódź",138,185,126,122
"132",8024,"Widzew Łódź",125,158,121,122
"133",8024,"Widzew Łódź",190,184,139,122
"134",8025,"Śląsk Wrocław",75,150,180,318
"135",8025,"Śląsk Wrocław",102,147,146,318
"136",8025,"Śląsk Wrocław",128,165,87,318
"137",8025,"Śląsk Wrocław",115,165,100,318
"138",8025,"Śląsk Wrocław",134,142,113,318
"139",8025,"Śląsk Wrocław",140,157,139,318
"140",8027,"Zawisza Bydgoszcz",145,168,143,75
"141",8027,"Zawisza Bydgoszcz",145,147,143,75
"142",8028,"Piast Gliwice",75,150,195,204
"143",8028,"Piast Gliwice",76,124,125,204
"144",8028,"Piast Gliwice",183,169,129,204
"145",8028,"Piast Gliwice",183,169,129,204
"146",8030,"Lechia Gdańsk",75,150,205,279
"147",8030,"Lechia Gdańsk",100,150,153,279
"148",8030,"Lechia Gdańsk",96,171,162,279
"149",8030,"Lechia Gdańsk",96,171,168,279
"150",8030,"Lechia Gdańsk",162,165,158,279
"151",8030,"Lechia Gdańsk",162,183,149,279
"152",8031,"Polonia Bytom",80,150,185,88
"153",8031,"Polonia Bytom",84,122,162,88
"154",8033,"Podbeskidzie Bielsko-Biała",105,137,152,169
"155",8033,"Podbeskidzie Bielsko-Biała",105,137,152,169
"156",8033,"Podbeskidzie Bielsko-Biała",193,166,102,169
"157",8033,"Podbeskidzie Bielsko-Biała",189,166,102,169
"158",8066,"Inverness Caledonian Thistle",103,154,130,345
"159",8066,"Inverness Caledonian Thistle",120,154,126,345
"160",8066,"Inverness Caledonian Thistle",89,171,139,345
"161",8066,"Inverness Caledonian Thistle",169,162,130,345
"162",8066,"Inverness Caledonian Thistle",127,174,139,345
"163",8121,"Angers SCO",80,145,115,40
"164",8121,"Angers SCO",115,180,140,40
"165",8121,"Angers SCO",100,152,139,40
"166",8121,"Angers SCO",100,152,139,40
"167",8121,"Angers SCO",159,140,139,40
"168",8121,"Angers SCO",159,140,139,40
"169",8152,"FC St. Pauli",120,190,185,35
"170",8152,"FC St. Pauli",102,174,164,35
"171",8152,"FC St. Pauli",117,147,152,35
"172",8152,"FC St. Pauli",109,161,150,35
"173",8152,"FC St. Pauli",161,155,144,35
"174",8152,"FC St. Pauli",160,153,140,35
"175",8165,"1. FC Nürnberg",95,180,150,193
"176",8165,"1. FC Nürnberg",95,148,162,193
"177",8165,"1. FC Nürnberg",93,148,113,193
"178",8165,"1. FC Nürnberg",95,177,140,193
"179",8165,"1. FC Nürnberg",146,161,148,193
"180",8165,"1. FC Nürnberg",153,162,114,193
"181",8177,"Hertha BSC Berlin",110,155,140,238
"182",8177,"Hertha BSC Berlin",102,172,148,238
"183",8177,"Hertha BSC Berlin",93,142,155,238
"184",8177,"Hertha BSC Berlin",95,172,143,238
"185",8177,"Hertha BSC Berlin",175,169,152,238
"186",8177,"Hertha BSC Berlin",146,172,152,238
"187",8178,"Bayer 04 Leverkusen",100,210,200,483
"188",8178,"Bayer 04 Leverkusen",105,153,147,483
"189",8178,"Bayer 04 Leverkusen",113,163,139,483
"190",8178,"Bayer 04 Leverkusen",119,143,143,483
"191",8178,"Bayer 04 Leverkusen",154,146,150,483
"192",8178,"Bayer 04 Leverkusen",157,192,183,483
"193",8191,"Burnley",135,210,205,70
"194",8191,"Burnley",88,172,146,70
"195",8191,"Burnley",92,162,160,70
"196",8191,"Burnley",109,163,156,70
"197",8191,"Burnley",154,189,169,70
"198",8191,"Burnley",153,176,183,70
"199",8194,"Fortuna Düsseldorf",100,172,169,39
"200",8194,"Fortuna Düsseldorf",89,146,139,39
"201",8194,"Fortuna Düsseldorf",114,190,165,39
"202",8194,"Fortuna Düsseldorf",110,175,117,39
"203",8194,"Fortuna Düsseldorf",198,141,145,39
"204",8194,"Fortuna Düsseldorf",156,178,165,39
"205",8197,"Leicester City",140,185,210,114
"206",8197,"Leicester City",88,140,133,114
"207",8197,"Leicester City",93,160,154,114
"208",8197,"Leicester City",93,160,154,114
"209",8197,"Leicester City",147,178,174,114
"210",8197,"Leicester City",164,157,178,114
"211",8203,"KV Mechelen",125,140,190,285
"212",8203,"KV Mechelen",124,146,157,285
"213",8203,"KV Mechelen",106,150,160,285
"214",8203,"KV Mechelen",85,150,154,285
"215",8203,"KV Mechelen",134,150,145,285
"216",8203,"KV Mechelen",134,150,145,285
"217",8226,"TSG 1899 Hoffenheim",100,180,200,400
"218",8226,"TSG 1899 Hoffenheim",110,191,170,400
"219",8226,"TSG 1899 Hoffenheim",114,158,146,400
"220",8226,"TSG 1899 Hoffenheim",85,162,144,400
"221",8226,"TSG 1899 Hoffenheim",180,161,167,400
"222",8226,"TSG 1899 Hoffenheim",171,187,162,400
"223",8234,"FC Ingolstadt 04",101,151,140,33
"224",8234,"FC Ingolstadt 04",101,151,124,33
"225",8234,"FC Ingolstadt 04",101,151,124,33
"226",8234,"FC Ingolstadt 04",160,138,127,33
"227",8234,"FC Ingolstadt 04",152,151,134,33
"228",8242,"Odra Wodzisław",75,155,205,50
"229",8244,"Widzew Łódź",111,169,158,50
"230",8244,"Widzew Łódź",138,185,126,50
"231",8244,"Widzew Łódź",125,158,121,50
"232",8244,"Widzew Łódź",190,184,139,50
"233",8245,"Korona Kielce",75,150,170,237
"234",8245,"Korona Kielce",133,167,172,237
"235",8245,"Korona Kielce",137,169,166,237
"236",8245,"Korona Kielce",120,169,161,237
"237",8245,"Korona Kielce",192,153,135,237
"238",8245,"Korona Kielce",178,153,135,237
"239",8262,"SV Darmstadt 98",179,174,129,38
"240",8277,"Vitesse",70,150,90,423
"241",8277,"Vitesse",83,173,179,423
"242",8277,"Vitesse",67,155,144,423
"243",8277,"Vitesse",76,156,135,423
"244",8277,"Vitesse",140,163,158,423
"245",8277,"Vitesse",145,161,180,423
"246",8284,"Dundee FC",99,151,154,127
"247",8284,"Dundee FC",142,158,146,127
"248",8295,"Karlsruher SC",105,205,170,30
"249",8295,"Karlsruher SC",108,183,145,30
"250",8295,"Karlsruher SC",101,146,119,30
"251",8295,"Karlsruher SC",164,148,115,30
"252",8295,"Karlsruher SC",153,146,119,30
"253",8302,"Sevilla FC",60,200,195,478
"254",8302,"Sevilla FC",126,206,183,478
"255",8302,"Sevilla FC",126,148,142,478
"256",8302,"Sevilla FC",130,148,142,478
"257",8302,"Sevilla FC",183,148,142,478
"258",8302,"Sevilla FC",159,165,149,478
"259",8305,"Getafe CF",65,155,120,345
"260",8305,"Getafe CF",99,149,164,345
"261",8305,"Getafe CF",65,152,141,345
"262",8305,"Getafe CF",69,152,141,345
"263",8305,"Getafe CF",117,152,141,345
"264",8305,"Getafe CF",113,143,134,345
"265",8306,"UD Las Palmas",60,155,125,45
"266",8306,"UD Las Palmas",110,187,171,45
"267",8306,"UD Las Palmas",92,148,149,45
"268",8306,"UD Las Palmas",92,148,149,45
"269",8306,"UD Las Palmas",147,148,149,45
"270",8306,"UD Las Palmas",147,148,149,45
"271",8315,"Athletic Club de Bilbao",105,160,135,415
"272",8315,"Athletic Club de Bilbao",139,184,170,415
"273",8315,"Athletic Club de Bilbao",101,173,165,415
"274",8315,"Athletic Club de Bilbao",84,162,165,415
"275",8315,"Athletic Club de Bilbao",125,157,162,415
"276",8315,"Athletic Club de Bilbao",131,146,156,415
"277",8322,"Arka Gdynia",75,150,205,77
"278",8322,"Arka Gdynia",83,147,140,77
"279",8342,"Club Brugge KV",75,140,200,421
"280",8342,"Club Brugge KV",114,170,148,421
"281",8342,"Club Brugge KV",118,156,162,421
"282",8342,"Club Brugge KV",93,156,147,421
"283",8342,"Club Brugge KV",139,146,158,421
"284",8342,"Club Brugge KV",139,146,158,421
"285",8344,"Cardiff City",135,210,210,32
"286",8344,"Cardiff City",116,182,146,32
"287",8344,"Cardiff City",124,154,146,32
"288",8344,"Cardiff City",129,175,146,32
"289",8344,"Cardiff City",143,139,113,32
"290",8344,"Cardiff City",168,154,113,32
"291",8348,"Moreirense FC",81,144,138,101
"292",8348,"Moreirense FC",139,144,138,101
"293",8350,"1. FC Kaiserslautern",100,185,210,72
"294",8350,"1. FC Kaiserslautern",90,170,139,72
"295",8350,"1. FC Kaiserslautern",92,156,141,72
"296",8350,"1. FC Kaiserslautern",115,161,151,72
"297",8350,"1. FC Kaiserslautern",167,174,143,72
"298",8350,"1. FC Kaiserslautern",155,167,145,72
"299",8357,"SpVgg Greuther Fürth",100,170,155,26
"300",8357,"SpVgg Greuther Fürth",99,158,158,26
"301",8357,"SpVgg Greuther Fürth",113,141,170,26
"302",8357,"SpVgg Greuther Fürth",110,149,125,26
"303",8357,"SpVgg Greuther Fürth",164,148,159,26
"304",8357,"SpVgg Greuther Fürth",167,149,170,26
"305",8358,"SC Freiburg",80,160,155,245
"306",8358,"SC Freiburg",97,122,133,245
"307",8358,"SC Freiburg",113,154,119,245
"308",8358,"SC Freiburg",97,137,152,245
"309",8358,"SC Freiburg",145,132,158,245
"310",8358,"SC Freiburg",151,144,144,245
"311",8370,"Rayo Vallecano",70,155,120,247
"312",8370,"Rayo Vallecano",108,161,178,247
"313",8370,"Rayo Vallecano",85,135,173,247
"314",8370,"Rayo Vallecano",89,135,173,247
"315",8370,"Rayo Vallecano",141,135,173,247
"316",8370,"Rayo Vallecano",125,135,169,247
"317",8371,"CA Osasuna",70,165,150,232
"318",8371,"CA Osasuna",109,193,177,232
"319",8371,"CA Osasuna",86,168,168,232
"320",8371,"CA Osasuna",90,168,168,232
"321",8371,"CA Osasuna",143,168,164,232
"322",8371,"CA Osasuna",143,168,168,232
"323",8372,"SD Eibar",165,179,142,83
"324",8372,"SD Eibar",165,166,142,83
"325",8388,"CD Numancia",95,160,140,38
"326",8388,"CD Numancia",124,144,144,38
"327",8388,"CD Numancia",89,152,158,38
"328",8388,"CD Numancia",89,152,158,38
"329",8388,"CD Numancia",137,152,158,38
"330",8388,"CD Numancia",137,152,158,38
"331",8394,"Real Zaragoza",60,155,115,159
"332",8394,"Real Zaragoza",83,126,131,159
"333",8394,"Real Zaragoza",57,166,158,159
"334",8394,"Real Zaragoza",61,166,158,159
"335",8394,"Real Zaragoza",121,166,158,159
"336",8394,"Real Zaragoza",154,165,140,159
"337",8398,"FC Energie Cottbus",100,130,206,30
"338",8398,"FC Energie Cottbus",119,161,146,30
"339",8398,"FC Energie Cottbus",98,167,156,30
"340",8398,"FC Energie Cottbus",98,167,156,30
"341",8398,"FC Energie Cottbus",126,175,154,30
"342",8406,"FC Augsburg",90,175,145,201
"343",8406,"FC Augsburg",108,188,150,201
"344",8406,"FC Augsburg",110,161,161,201
"345",8406,"FC Augsburg",95,174,128,201
"346",8406,"FC Augsburg",169,160,154,201
"347",8406,"FC Augsburg",165,166,143,201
"348",8426,"Partick Thistle F.C.",135,151,143,135
"349",8426,"Partick Thistle F.C.",143,160,141,135
"350",8429,"Hamilton Academical FC",140,200,195,185
"351",8429,"Hamilton Academical FC",118,139,145,185
"352",8429,"Hamilton Academical FC",143,197,155,185
"353",8455,"Chelsea",130,196,125,583
"354",8455,"Chelsea",110,200,140,583
"355",8455,"Chelsea",105,145,168,583
"356",8455,"Chelsea",87,170,131,583
"357",8455,"Chelsea",157,170,126,583
"358",8455,"Chelsea",144,119,126,583
"359",8456,"Manchester City",130,195,145,606
"360",8456,"Manchester City",130,210,180,606
"361",8456,"Manchester City",100,126,164,606
"362",8456,"Manchester City",70,121,140,606
"363",8456,"Manchester City",123,143,140,606
"364",8456,"Manchester City",123,98,149,606
"365",8457,"Dunfermline Athletic",115,168,148,40
"366",8460,"SC Paderborn 07",119,139,108,31
"367",8460,"SC Paderborn 07",100,141,124,31
"368",8460,"SC Paderborn 07",126,168,138,31
"369",8460,"SC Paderborn 07",126,168,145,31
"370",8460,"SC Paderborn 07",174,163,141,31
"371",8460,"SC Paderborn 07",175,160,108,31
"372",8462,"Portsmouth",140,195,150,72
"373",8462,"Portsmouth",84,165,128,72
"374",8462,"Portsmouth",123,138,144,72
"375",8462,"Portsmouth",130,143,144,72
"376",8462,"Portsmouth",148,149,123,72
"377",8462,"Portsmouth",148,149,123,72
"378",8464,"N.E.C.",62,135,90,310
"379",8464,"N.E.C.",93,158,118,310
"380",8464,"N.E.C.",84,144,146,310
"381",8464,"N.E.C.",87,146,146,310
"382",8464,"N.E.C.",150,156,141,310
"383",8466,"Southampton",125,205,210,216
"384",8466,"Southampton",89,144,134,216
"385",8466,"Southampton",99,170,144,216
"386",8466,"Southampton",85,166,164,216
"387",8466,"Southampton",128,149,170,216
"388",8466,"Southampton",129,126,159,216
"389",8467,"St. Johnstone FC",120,150,130,308
"390",8467,"St. Johnstone FC",115,148,117,308
"391",8467,"St. Johnstone FC",114,132,132,308
"392",8467,"St. Johnstone FC",118,135,142,308
"393",8467,"St. Johnstone FC",161,136,132,308
"394",8467,"St. Johnstone FC",162,136,140,308
"395",8472,"Sunderland",130,195,140,333
"396",8472,"Sunderland",110,175,165,333
"397",8472,"Sunderland",129,175,160,333
"398",8472,"Sunderland",123,159,148,333
"399",8472,"Sunderland",154,158,132,333
"400",8472,"Sunderland",137,164,141,333
"401",8475,"Waasland-Beveren",115,134,114,105
"402",8475,"Waasland-Beveren",122,98,97,105
"403",8475,"Waasland-Beveren",132,140,94,105
"404",8479,"RC Recreativo",90,130,130,34
"405",8479,"RC Recreativo",103,135,144,34
"406",8479,"RC Recreativo",95,140,151,34
"407",8479,"RC Recreativo",95,118,151,34
"408",8479,"RC Recreativo",148,130,151,34
"409",8479,"RC Recreativo",118,109,143,34
"410",8481,"AS Nancy-Lorraine",105,160,210,203
"411",8481,"AS Nancy-Lorraine",70,135,140,203
"412",8481,"AS Nancy-Lorraine",98,172,139,203
"413",8481,"AS Nancy-Lorraine",98,172,139,203
"414",8481,"AS Nancy-Lorraine",146,172,139,203
"415",8481,"AS Nancy-Lorraine",146,172,139,203
"416",8483,"Blackpool",140,205,210,55
"417",8483,"Blackpool",100,160,140,55
"418",8483,"Blackpool",97,176,155,55
"419",8483,"Blackpool",97,176,155,55
"420",8483,"Blackpool",183,176,131,55
"421",8483,"Blackpool",162,166,131,55
"422",8485,"Aberdeen",140,210,200,365
"423",8485,"Aberdeen",99,153,146,365
"424",8485,"Aberdeen",120,170,140,365
"425",8485,"Aberdeen",107,145,144,365
"426",8485,"Aberdeen",184,181,143,365
"427",8485,"Aberdeen",176,186,157,365
"428",8521,"Stade Brestois 29",90,130,210,99
"429",8521,"Stade Brestois 29",100,165,165,99
"430",8521,"Stade Brestois 29",126,168,129,99
"431",8521,"Stade Brestois 29",113,168,129,99
"432",8521,"Stade Brestois 29",161,168,129,99
"433",8521,"Stade Brestois 29",161,168,129,99
"434",8524,"Atalanta",75,120,115,283
"435",8524,"Atalanta",115,170,165,283
"436",8524,"Atalanta",90,150,147,283
"437",8524,"Atalanta",100,138,156,283
"438",8524,"Atalanta",146,138,151,283
"439",8524,"Atalanta",146,138,148,283
"440",8525,"Willem II",65,135,90,222
"441",8525,"Willem II",129,166,153,222
"442",8525,"Willem II",103,147,125,222
"443",8525,"Willem II",150,153,135,222
"444",8526,"De Graafschap",70,153,137,130
"445",8526,"De Graafschap",78,150,136,130
"446",8528,"Wigan Athletic",140,190,140,200
"447",8528,"Wigan Athletic",85,160,165,200
"448",8528,"Wigan Athletic",76,138,126,200
"449",8528,"Wigan Athletic",77,119,152,200
"450",8528,"Wigan Athletic",138,164,163,200
"451",8528,"Wigan Athletic",144,151,154,200
"452",8529,"Cagliari",70,120,155,309
"453",8529,"Cagliari",115,165,141,309
"454",8529,"Cagliari",90,165,140,309
"455",8529,"Cagliari",99,168,153,309
"456",8529,"Cagliari",167,152,144,309
"457",8529,"Cagliari",134,196,187,309
"458",8530,"Catania",65,120,140,251
"459",8530,"Catania",100,178,140,251
"460",8530,"Catania",90,150,110,251
"461",8530,"Catania",104,171,146,251
"462",8530,"Catania",175,141,147,251
"463",8530,"Catania",170,141,147,251
"464",8533,"Chievo Verona",75,145,165,285
"465",8533,"Chievo Verona",95,129,157,285
"466",8533,"Chievo Verona",125,165,120,285
"467",8533,"Chievo Verona",133,169,136,285
"468",8533,"Chievo Verona",187,170,156,285
"469",8533,"Chievo Verona",187,170,156,285
"470",8534,"Empoli",60,115,90,86
"471",8534,"Empoli",85,155,137,86
"472",8534,"Empoli",100,150,130,86
"473",8534,"Empoli",105,169,148,86
"474",8534,"Empoli",145,184,164,86
"475",8534,"Empoli",145,186,160,86
"476",8535,"Fiorentina",97,170,135,440
"477",8535,"Fiorentina",99,170,140,440
"478",8535,"Fiorentina",95,165,140,440
"479",8535,"Fiorentina",104,168,145,440
"480",8535,"Fiorentina",121,172,184,440
"481",8535,"Fiorentina",121,172,178,440
"482",8537,"Livorno",60,115,90,66
"483",8537,"Livorno",115,160,135,66
"484",8537,"Livorno",100,135,115,66
"485",8537,"Livorno",113,172,163,66
"486",8537,"Livorno",183,138,118,66
"487",8537,"Livorno",183,134,126,66
"488",8540,"Palermo",113,130,145,351
"489",8540,"Palermo",100,165,130,351
"490",8540,"Palermo",100,150,140,351
"491",8540,"Palermo",103,153,133,351
"492",8540,"Palermo",158,153,133,351
"493",8540,"Palermo",168,158,152,351
"494",8543,"Lazio",110,160,175,417
"495",8543,"Lazio",95,136,130,417
"496",8543,"Lazio",95,165,130,417
"497",8543,"Lazio",105,189,166,417
"498",8543,"Lazio",172,200,166,417
"499",8543,"Lazio",188,220,190,417
"500",8548,"Rangers",115,210,200,324
"501",8548,"Rangers",84,194,144,324
"502",8548,"Rangers",90,160,158,324
"503",8548,"Rangers",100,150,148,324
"504",8548,"Rangers",139,160,158,324
"505",8548,"Rangers",153,153,151,324
"506",8549,"Middlesbrough",140,190,130,28
"507",8549,"Middlesbrough",117,176,147,28
"508",8549,"Middlesbrough",132,168,122,28
"509",8549,"Middlesbrough",100,153,132,28
"510",8549,"Middlesbrough",144,177,122,28
"511",8549,"Middlesbrough",138,135,122,28
"512",8550,"FC Metz",80,175,110,31
"513",8550,"FC Metz",130,150,135,31
"514",8550,"FC Metz",99,156,143,31
"515",8550,"FC Metz",146,156,150,31
"516",8550,"FC Metz",152,153,127,31
"517",8551,"Siena",65,115,160,149
"518",8551,"Siena",100,170,140,149
"519",8551,"Siena",95,150,140,149
"520",8551,"Siena",95,162,137,149
"521",8551,"Siena",144,183,144,149
"522",8558,"RCD Espanyol",95,195,180,338
"523",8558,"RCD Espanyol",123,196,165,338
"524",8558,"RCD Espanyol",90,152,122,338
"525",8558,"RCD Espanyol",94,152,122,338
"526",8558,"RCD Espanyol",146,152,122,338
"527",8558,"RCD Espanyol",146,152,122,338
"528",8559,"Bolton Wanderers",125,185,140,181
"529",8559,"Bolton Wanderers",115,175,145,181
"530",8559,"Bolton Wanderers",113,153,154,181
"531",8559,"Bolton Wanderers",110,134,145,181
"532",8559,"Bolton Wanderers",167,171,145,181
"533",8559,"Bolton Wanderers",152,170,145,181
"534",8560,"Real Sociedad",70,160,110,316
"535",8560,"Real Sociedad",97,165,149,316
"536",8560,"Real Sociedad",60,171,171,316
"537",8560,"Real Sociedad",64,171,171,316
"538",8560,"Real Sociedad",123,171,166,316
"539",8560,"Real Sociedad",162,166,155,316
"540",8564,"Milan",75,170,125,496
"541",8564,"Milan",115,160,150,496
"542",8564,"Milan",95,135,140,496
"543",8564,"Milan",102,168,150,496
"544",8564,"Milan",170,177,164,496
"545",8564,"Milan",170,171,164,496
"546",8569,"GKS Bełchatów",80,155,200,190
"547",8569,"GKS Bełchatów",74,150,145,190
"548",8569,"GKS Bełchatów",119,175,127,190
"549",8569,"GKS Bełchatów",95,139,132,190
"550",8569,"GKS Bełchatów",143,139,132,190
"551",8571,"KV Kortrijk",110,150,185,267
"552",8571,"KV Kortrijk",103,159,138,267
"553",8571,"KV Kortrijk",78,154,143,267
"554",8571,"KV Kortrijk",82,134,143,267
"555",8571,"KV Kortrijk",129,134,143,267
"556",8571,"KV Kortrijk",129,134,143,267
"557",8573,"KV Oostende",155,140,133,102
"558",8573,"KV Oostende",155,140,133,102
"559",8576,"AC Ajaccio",100,135,130,116
"560",8576,"AC Ajaccio",110,180,140,116
"561",8576,"AC Ajaccio",111,134,138,116
"562",8576,"AC Ajaccio",111,134,138,116
"563",8576,"AC Ajaccio",168,138,138,116
"564",8576,"AC Ajaccio",168,138,138,116
"565",8581,"Levante UD",60,155,115,241
"566",8581,"Levante UD",124,182,138,241
"567",8581,"Levante UD",116,168,155,241
"568",8581,"Levante UD",120,168,155,241
"569",8581,"Levante UD",171,168,155,241
"570",8581,"Levante UD",163,178,111,241
"571",8583,"AJ Auxerre",100,135,115,168
"572",8583,"AJ Auxerre",100,150,145,168
"573",8583,"AJ Auxerre",113,164,115,168
"574",8583,"AJ Auxerre",113,164,120,168
"575",8583,"AJ Auxerre",168,164,115,168
"576",8583,"AJ Auxerre",168,164,119,168
"577",8586,"Tottenham Hotspur",120,165,150,481
"578",8586,"Tottenham Hotspur",115,210,130,481
"579",8586,"Tottenham Hotspur",91,176,138,481
"580",8586,"Tottenham Hotspur",88,171,181,481
"581",8586,"Tottenham Hotspur",114,162,165,481
"582",8586,"Tottenham Hotspur",133,145,173,481
"583",8588,"RC Lens",60,180,200,107
"584",8588,"RC Lens",115,180,150,107
"585",8588,"RC Lens",113,136,139,107
"586",8588,"RC Lens",113,139,135,107
"587",8588,"RC Lens",165,136,139,107
"588",8588,"RC Lens",158,148,139,107
"589",8592,"Olympique de Marseille",100,205,200,462
"590",8592,"Olympique de Marseille",100,210,175,462
"591",8592,"Olympique de Marseille",98,148,143,462
"592",8592,"Olympique de Marseille",98,190,146,462
"593",8592,"Olympique de Marseille",163,186,156,462
"594",8592,"Olympique de Marseille",169,149,156,462
"595",8593,"Ajax",60,180,90,647
"596",8593,"Ajax",78,199,185,647
"597",8593,"Ajax",64,149,193,647
"598",8593,"Ajax",68,137,183,647
"599",8593,"Ajax",110,145,181,647
"600",8593,"Ajax",117,143,176,647
"601",8596,"Falkirk",140,200,200,68
"602",8597,"Kilmarnock",140,205,200,346
"603",8597,"Kilmarnock",72,140,139,346
"604",8597,"Kilmarnock",117,149,138,346
"605",8597,"Kilmarnock",107,154,148,346
"606",8597,"Kilmarnock",167,150,140,346
"607",8597,"Kilmarnock",158,158,144,346
"608",8600,"Udinese",99,150,120,415
"609",8600,"Udinese",119,166,144,415
"610",8600,"Udinese",120,180,150,415
"611",8600,"Udinese",141,199,160,415
"612",8600,"Udinese",205,199,143,415
"613",8600,"Udinese",185,189,154,415
"614",8602,"Wolverhampton Wanderers",140,210,210,118
"615",8602,"Wolverhampton Wanderers",110,165,140,118
"616",8602,"Wolverhampton Wanderers",135,166,153,118
"617",8602,"Wolverhampton Wanderers",124,171,142,118
"618",8602,"Wolverhampton Wanderers",133,175,147,118
"619",8602,"Wolverhampton Wanderers",136,150,150,118
"620",8603,"Real Betis Balompié",90,135,150,225
"621",8603,"Real Betis Balompié",88,206,135,225
"622",8603,"Real Betis Balompié",92,155,165,225
"623",8603,"Real Betis Balompié",96,155,165,225
"624",8603,"Real Betis Balompié",145,155,165,225
"625",8603,"Real Betis Balompié",145,155,165,225
"626",8611,"FC Twente",60,145,90,509
"627",8611,"FC Twente",110,172,174,509
"628",8611,"FC Twente",53,149,197,509
"629",8611,"FC Twente",73,135,132,509
"630",8611,"FC Twente",111,165,140,509
"631",8611,"FC Twente",131,140,140,509
"632",8613,"Boavista FC",153,128,148,51
"633",8614,"Sparta Rotterdam",75,140,90,76
"634",8633,"Real Madrid CF",85,200,170,843
"635",8633,"Real Madrid CF",93,194,178,843
"636",8633,"Real Madrid CF",80,198,177,843
"637",8633,"Real Madrid CF",91,194,153,843
"638",8633,"Real Madrid CF",145,191,153,843
"639",8633,"Real Madrid CF",153,165,175,843
"640",8634,"FC Barcelona",72,175,170,849
"641",8634,"FC Barcelona",77,152,178,849
"642",8634,"FC Barcelona",49,115,195,849
"643",8634,"FC Barcelona",67,103,189,849
"644",8634,"FC Barcelona",102,103,189,849
"645",8634,"FC Barcelona",122,141,191,849
"646",8635,"RSC Anderlecht",85,180,190,427
"647",8635,"RSC Anderlecht",102,180,190,427
"648",8635,"RSC Anderlecht",93,157,140,427
"649",8635,"RSC Anderlecht",93,182,168,427
"650",8635,"RSC Anderlecht",149,160,175,427
"651",8635,"RSC Anderlecht",149,160,164,427
"652",8636,"Inter",110,175,165,496
"653",8636,"Inter",105,170,165,496
"654",8636,"Inter",95,180,125,496
"655",8636,"Inter",134,186,131,496
"656",8636,"Inter",182,203,114,496
"657",8636,"Inter",181,169,159,496
"658",8639,"LOSC Lille",130,150,180,450
"659",8639,"LOSC Lille",130,180,145,450
"660",8639,"LOSC Lille",57,164,162,450
"661",8639,"LOSC Lille",76,164,137,450
"662",8639,"LOSC Lille",152,169,149,450
"663",8639,"LOSC Lille",124,184,149,450
"664",8640,"PSV",60,155,90,652
"665",8640,"PSV",93,200,158,652
"666",8640,"PSV",75,143,121,652
"667",8640,"PSV",99,168,141,652
"668",8640,"PSV",142,161,167,652
"669",8640,"PSV",153,125,128,652
"670",8649,"Ross County FC",97,136,143,192
"671",8649,"Ross County FC",118,120,134,192
"672",8649,"Ross County FC",153,153,123,192
"673",8650,"Liverpool",85,180,140,531
"674",8650,"Liverpool",110,145,160,531
"675",8650,"Liverpool",120,174,160,531
"676",8650,"Liverpool",83,130,172,531
"677",8650,"Liverpool",151,136,161,531
"678",8650,"Liverpool",171,114,164,531
"679",8654,"West Ham United",88,151,130,326
"680",8654,"West Ham United",70,120,140,326
"681",8654,"West Ham United",127,159,102,326
"682",8654,"West Ham United",145,167,108,326
"683",8654,"West Ham United",184,171,105,326
"684",8654,"West Ham United",171,170,108,326
"685",8655,"Blackburn Rovers",125,185,160,175
"686",8655,"Blackburn Rovers",120,135,160,175
"687",8655,"Blackburn Rovers",114,140,130,175
"688",8655,"Blackburn Rovers",108,147,130,175
"689",8655,"Blackburn Rovers",137,164,147,175
"690",8655,"Blackburn Rovers",185,159,157,175
"691",8658,"Birmingham City",140,210,210,75
"692",8658,"Birmingham City",105,125,135,75
"693",8658,"Birmingham City",106,159,144,75
"694",8658,"Birmingham City",113,157,140,75
"695",8658,"Birmingham City",174,204,144,75
"696",8658,"Birmingham City",163,203,143,75
"697",8659,"West Bromwich Albion",105,195,210,305
"698",8659,"West Bromwich Albion",125,135,150,305
"699",8659,"West Bromwich Albion",96,159,128,305
"700",8659,"West Bromwich Albion",109,167,113,305
"701",8659,"West Bromwich Albion",140,163,130,305
"702",8659,"West Bromwich Albion",145,163,130,305
"703",8661,"RCD Mallorca",80,140,130,238
"704",8661,"RCD Mallorca",105,160,150,238
"705",8661,"RCD Mallorca",115,163,156,238
"706",8661,"RCD Mallorca",119,163,156,238
"707",8661,"RCD Mallorca",172,163,156,238
"708",8661,"RCD Mallorca",172,163,156,238
"709",8667,"Hull City",125,195,210,144
"710",8667,"Hull City",101,165,159,144
"711",8667,"Hull City",109,152,126,144
"712",8667,"Hull City",111,152,117,144
"713",8667,"Hull City",142,162,121,144
"714",8667,"Hull City",151,159,121,144
"715",8668,"Everton",125,175,150,439
"716",8668,"Everton",110,180,180,439
"717",8668,"Everton",112,161,160,439
"718",8668,"Everton",120,139,144,439
"719",8668,"Everton",137,146,170,439
"720",8668,"Everton",128,135,169,439
"721",8673,"Legia Warszawa",65,170,195,409
"722",8673,"Legia Warszawa",102,144,173,409
"723",8673,"Legia Warszawa",124,145,175,409
"724",8673,"Legia Warszawa",124,145,171,409
"725",8673,"Legia Warszawa",141,167,159,409
"726",8673,"Legia Warszawa",137,167,168,409
"727",8674,"FC Groningen",73,156,90,390
"728",8674,"FC Groningen",90,177,136,390
"729",8674,"FC Groningen",85,154,149,390
"730",8674,"FC Groningen",88,156,149,390
"731",8674,"FC Groningen",128,161,149,390
"732",8674,"FC Groningen",142,170,149,390
"733",8678,"Bournemouth",140,200,210,45
"734",8678,"Bournemouth",117,148,121,45
"735",8678,"Bournemouth",92,166,160,45
"736",8678,"Bournemouth",77,149,160,45
"737",8678,"Bournemouth",139,135,160,45
"738",8678,"Bournemouth",130,141,160,45
"739",8682,"Le Mans FC",115,190,200,79
"740",8682,"Le Mans FC",115,195,150,79
"741",8682,"Le Mans FC",105,167,142,79
"742",8682,"Le Mans FC",105,167,142,79
"743",8686,"Roma",100,190,155,530
"744",8686,"Roma",94,182,143,530
"745",8686,"Roma",100,150,130,530
"746",8686,"Roma",108,208,149,530
"747",8686,"Roma",153,193,127,530
"748",8686,"Roma",142,191,141,530
"749",8689,"FC Lorient",115,120,200,378
"750",8689,"FC Lorient",70,180,155,378
"751",8689,"FC Lorient",102,165,138,378
"752",8689,"FC Lorient",102,165,138,378
"753",8689,"FC Lorient",158,165,138,378
"754",8689,"FC Lorient",149,147,162,378
"755",8690,"Reggio Calabria",85,130,140,30
"756",8690,"Reggio Calabria",85,109,140,30
"757",8690,"Reggio Calabria",100,165,130,30
"758",8690,"Reggio Calabria",108,186,138,30
"759",8690,"Reggio Calabria",163,184,138,30
"760",8696,"Racing Santander",100,205,150,160
"761",8696,"Racing Santander",109,184,137,160
"762",8696,"Racing Santander",87,182,168,160
"763",8696,"Racing Santander",91,182,168,160
"764",8696,"Racing Santander",147,159,151,160
"765",8697,"SV Werder Bremen",110,180,205,423
"766",8697,"SV Werder Bremen",104,177,180,423
"767",8697,"SV Werder Bremen",94,174,164,423
"768",8697,"SV Werder Bremen",101,216,174,423
"769",8697,"SV Werder Bremen",142,128,135,423
"770",8697,"SV Werder Bremen",174,192,183,423
"771",8721,"VfL Wolfsburg",110,195,155,463
"772",8721,"VfL Wolfsburg",110,152,171,463
"773",8721,"VfL Wolfsburg",113,171,123,463
"774",8721,"VfL Wolfsburg",115,210,161,463
"775",8721,"VfL Wolfsburg",170,182,154,463
"776",8721,"VfL Wolfsburg",170,185,167,463
"777",8722,"1. FC Köln",120,165,170,226
"778",8722,"1. FC Köln",129,131,136,226
"779",8722,"1. FC Köln",106,158,165,226
"780",8722,"1. FC Köln",116,158,165,226
"781",8722,"1. FC Köln",169,159,157,226
"782",8722,"1. FC Köln",171,164,149,226
"783",9746,"Le Havre AC",100,155,130,30
"784",9746,"Le Havre AC",100,180,155,30
"785",9746,"Le Havre AC",98,155,168,30
"786",9746,"Le Havre AC",98,155,154,30
"787",9746,"Le Havre AC",154,155,154,30
"788",9746,"Le Havre AC",154,155,154,30
"789",9747,"En Avant de Guingamp",65,170,125,122
"790",9747,"En Avant de Guingamp",100,150,125,122
"791",9747,"En Avant de Guingamp",100,161,138,122
"792",9747,"En Avant de Guingamp",169,150,139,122
"793",9747,"En Avant de Guingamp",158,134,145,122
"794",9748,"Olympique Lyonnais",100,185,200,497
"795",9748,"Olympique Lyonnais",115,180,155,497
"796",9748,"Olympique Lyonnais",101,170,140,497
"797",9748,"Olympique Lyonnais",101,170,140,497
"798",9748,"Olympique Lyonnais",161,170,140,497
"799",9748,"Olympique Lyonnais",161,170,140,497
"800",9761,"NAC Breda",65,135,90,294
"801",9761,"NAC Breda",77,135,143,294
"802",9761,"NAC Breda",88,137,141,294
"803",9761,"NAC Breda",111,141,141,294
"804",9761,"NAC Breda",144,116,132,294
"805",9761,"NAC Breda",153,128,115,294
"806",9764,"Gil Vicente FC",87,152,149,110
"807",9764,"Gil Vicente FC",87,152,149,110
"808",9764,"Gil Vicente FC",173,147,132,110
"809",9764,"Gil Vicente FC",176,147,132,110
"810",9768,"Sporting CP",60,170,90,411
"811",9768,"Sporting CP",85,165,150,411
"812",9768,"Sporting CP",109,204,155,411
"813",9768,"Sporting CP",109,195,155,411
"814",9768,"Sporting CP",176,147,174,411
"815",9768,"Sporting CP",178,147,174,411
"816",9771,"União de Leiria, SAD",100,150,150,85
"817",9771,"União de Leiria, SAD",100,150,150,85
"818",9771,"União de Leiria, SAD",72,148,154,85
"819",9772,"SL Benfica",60,170,90,568
"820",9772,"SL Benfica",100,171,171,568
"821",9772,"SL Benfica",103,179,169,568
"822",9772,"SL Benfica",119,179,175,568
"823",9772,"SL Benfica",178,185,171,568
"824",9772,"SL Benfica",177,185,171,568
"825",9773,"FC Porto",60,180,90,541
"826",9773,"FC Porto",100,180,163,541
"827",9773,"FC Porto",105,196,170,541
"828",9773,"FC Porto",105,196,175,541
"829",9773,"FC Porto",155,190,178,541
"830",9773,"FC Porto",173,190,178,541
"831",9776,"Eintracht Braunschweig",118,180,144,29
"832",9776,"Eintracht Braunschweig",122,195,157,29
"833",9776,"Eintracht Braunschweig",183,157,109,29
"834",9776,"Eintracht Braunschweig",164,172,157,29
"835",9777,"Servette FC",85,175,170,77
"836",9777,"Servette FC",99,164,143,77
"837",9777,"Servette FC",99,164,143,77
"838",9783,"RC Deportivo de La Coruña",60,140,115,241
"839",9783,"RC Deportivo de La Coruña",98,187,151,241
"840",9783,"RC Deportivo de La Coruña",102,158,154,241
"841",9783,"RC Deportivo de La Coruña",102,158,154,241
"842",9783,"RC Deportivo de La Coruña",157,158,154,241
"843",9783,"RC Deportivo de La Coruña",155,145,154,241
"844",9788,"Borussia Mönchengladbach",110,185,160,403
"845",9788,"Borussia Mönchengladbach",109,172,156,403
"846",9788,"Borussia Mönchengladbach",121,157,114,403
"847",9788,"Borussia Mönchengladbach",116,144,127,403
"848",9788,"Borussia Mönchengladbach",116,113,134,403
"849",9788,"Borussia Mönchengladbach",116,113,128,403
"850",9789,"Borussia Dortmund",115,170,177,551
"851",9789,"Borussia Dortmund",116,177,172,551
"852",9789,"Borussia Dortmund",116,181,173,551
"853",9789,"Borussia Dortmund",119,194,178,551
"854",9789,"Borussia Dortmund",170,170,171,551
"855",9789,"Borussia Dortmund",148,163,176,551
"856",9790,"Hamburger SV",130,200,175,344
"857",9790,"Hamburger SV",81,173,167,344
"858",9790,"Hamburger SV",86,154,150,344
"859",9790,"Hamburger SV",72,141,138,344
"860",9790,"Hamburger SV",164,195,140,344
"861",9790,"Hamburger SV",150,167,134,344
"862",9791,"Heracles Almelo",75,133,90,403
"863",9791,"Heracles Almelo",114,155,136,403
"864",9791,"Heracles Almelo",70,173,123,403
"865",9791,"Heracles Almelo",71,148,137,403
"866",9791,"Heracles Almelo",133,165,169,403
"867",9791,"Heracles Almelo",147,165,169,403
"868",9798,"Reading",140,210,200,43
"869",9798,"Reading",85,185,147,43
"870",9798,"Reading",98,160,145,43
"871",9798,"Reading",110,150,135,43
"872",9798,"Reading",142,147,162,43
"873",9798,"Reading",144,169,150,43
"874",9800,"St. Mirren",140,210,200,257
"875",9800,"St. Mirren",96,148,138,257
"876",9800,"St. Mirren",135,167,138,257
"877",9800,"St. Mirren",85,153,144,257
"878",9800,"St. Mirren",178,179,140,257
"879",9800,"St. Mirren",124,164,166,257
"880",9803,"Roda JC Kerkrade",65,155,90,343
"881",9803,"Roda JC Kerkrade",116,124,139,343
"882",9803,"Roda JC Kerkrade",107,159,141,343
"883",9803,"Roda JC Kerkrade",86,127,146,343
"884",9803,"Roda JC Kerkrade",133,146,118,343
"885",9804,"Torino",80,140,135,241
"886",9804,"Torino",80,122,145,241
"887",9804,"Torino",100,165,130,241
"888",9804,"Torino",107,162,137,241
"889",9804,"Torino",209,189,125,241
"890",9804,"Torino",174,159,137,241
"891",9807,"CF Os Belenenses",60,160,90,148
"892",9807,"CF Os Belenenses",157,125,135,148
"893",9807,"CF Os Belenenses",156,128,135,148
"894",9809,"Naval 1° de Maio",60,165,90,71
"895",9809,"Naval 1° de Maio",115,135,121,71
"896",9810,"Eintracht Frankfurt",95,165,140,296
"897",9810,"Eintracht Frankfurt",95,165,151,296
"898",9810,"Eintracht Frankfurt",72,140,145,296
"899",9810,"Eintracht Frankfurt",75,140,148,296
"900",9810,"Eintracht Frankfurt",153,159,144,296
"901",9810,"Eintracht Frankfurt",130,145,145,296
"902",9817,"Watford",140,205,205,40
"903",9817,"Watford",117,182,157,40
"904",9817,"Watford",132,165,143,40
"905",9817,"Watford",112,136,135,40
"906",9817,"Watford",160,153,135,40
"907",9817,"Watford",145,141,135,40
"908",9823,"FC Bayern Munich",105,205,175,653
"909",9823,"FC Bayern Munich",82,136,156,653
"910",9823,"FC Bayern Munich",87,120,134,653
"911",9823,"FC Bayern Munich",97,123,158,653
"912",9823,"FC Bayern Munich",93,99,160,653
"913",9823,"FC Bayern Munich",97,90,184,653
"914",9824,"FC Vaduz",141,137,133,100
"915",9825,"Arsenal",96,110,120,573
"916",9825,"Arsenal",115,150,135,573
"917",9825,"Arsenal",57,105,166,573
"918",9825,"Arsenal",59,135,170,573
"919",9825,"Arsenal",136,147,147,573
"920",9825,"Arsenal",140,118,147,573
"921",9826,"Crystal Palace",140,205,185,119
"922",9826,"Crystal Palace",107,169,124,119
"923",9826,"Crystal Palace",89,182,124,119
"924",9826,"Crystal Palace",99,182,122,119
"925",9826,"Crystal Palace",165,181,118,119
"926",9826,"Crystal Palace",173,186,111,119
"927",9827,"Girondins de Bordeaux",105,190,195,404
"928",9827,"Girondins de Bordeaux",85,180,165,404
"929",9827,"Girondins de Bordeaux",86,164,139,404
"930",9827,"Girondins de Bordeaux",86,164,139,404
"931",9827,"Girondins de Bordeaux",123,155,119,404
"932",9827,"Girondins de Bordeaux",139,156,158,404
"933",9829,"AS Monaco",90,165,205,287
"934",9829,"AS Monaco",115,150,140,287
"935",9829,"AS Monaco",100,111,120,287
"936",9829,"AS Monaco",100,111,120,287
"937",9829,"AS Monaco",168,111,120,287
"938",9829,"AS Monaco",137,133,169,287
"939",9830,"FC Nantes",90,160,105,135
"940",9830,"FC Nantes",100,120,150,135
"941",9830,"FC Nantes",97,135,140,135
"942",9830,"FC Nantes",97,145,152,135
"943",9830,"FC Nantes",164,156,152,135
"944",9830,"FC Nantes",189,153,132,135
"945",9831,"OGC Nice",140,155,210,342
"946",9831,"OGC Nice",100,165,125,342
"947",9831,"OGC Nice",114,134,137,342
"948",9831,"OGC Nice",114,149,167,342
"949",9831,"OGC Nice",175,149,167,342
"950",9831,"OGC Nice",156,153,165,342
"951",9836,"Dijon FCO",95,135,120,38
"952",9836,"Dijon FCO",115,165,130,38
"953",9836,"Dijon FCO",100,153,149,38
"954",9836,"Dijon FCO",100,153,149,38
"955",9836,"Dijon FCO",154,153,149,38
"956",9836,"Dijon FCO",154,153,149,38
"957",9837,"Stade de Reims",85,165,140,168
"958",9837,"Stade de Reims",109,150,127,168
"959",9837,"Stade de Reims",109,150,127,168
"960",9837,"Stade de Reims",154,150,127,168
"961",9837,"Stade de Reims",134,158,127,168
"962",9839,"VVV-Venlo",100,150,150,152
"963",9839,"VVV-Venlo",92,162,134,152
"964",9839,"VVV-Venlo",93,155,155,152
"965",9839,"VVV-Venlo",93,164,120,152
"966",9847,"Paris Saint-Germain",115,160,210,568
"967",9847,"Paris Saint-Germain",70,120,165,568
"968",9847,"Paris Saint-Germain",90,174,147,568
"969",9847,"Paris Saint-Germain",90,174,147,568
"970",9847,"Paris Saint-Germain",174,191,166,568
"971",9847,"Paris Saint-Germain",130,158,166,568
"972",9850,"Norwich City",135,195,200,160
"973",9850,"Norwich City",101,178,136,160
"974",9850,"Norwich City",124,180,132,160
"975",9850,"Norwich City",140,171,136,160
"976",9850,"Norwich City",137,164,134,160
"977",9850,"Norwich City",138,147,128,160
"978",9851,"Stade Rennais FC",95,190,210,367
"979",9851,"Stade Rennais FC",100,195,165,367
"980",9851,"Stade Rennais FC",105,165,141,367
"981",9851,"Stade Rennais FC",105,165,141,367
"982",9851,"Stade Rennais FC",167,165,141,367
"983",9851,"Stade Rennais FC",167,165,141,367
"984",9853,"AS Saint-Étienne",130,175,90,371
"985",9853,"AS Saint-Étienne",100,165,145,371
"986",9853,"AS Saint-Étienne",101,152,129,371
"987",9853,"AS Saint-Étienne",101,152,129,371
"988",9853,"AS Saint-Étienne",165,152,129,371
"989",9853,"AS Saint-Étienne",165,164,148,371
"990",9855,"Grenoble Foot 38",140,195,195,55
"991",9855,"Grenoble Foot 38",100,150,140,55
"992",9857,"Bologna",120,165,135,263
"993",9857,"Bologna",100,120,130,263
"994",9857,"Bologna",90,120,130,263
"995",9857,"Bologna",111,175,134,263
"996",9857,"Bologna",164,132,130,263
"997",9857,"Bologna",164,132,132,263
"998",9858,"Brescia",60,155,130,34
"999",9858,"Brescia",80,180,145,34
"1000",9858,"Brescia",70,120,130,34
"1001",9858,"Brescia",85,145,155,34
"1002",9858,"Brescia",125,154,150,34
"1003",9858,"Brescia",141,158,150,34
"1004",9860,"Heart of Midlothian",140,210,200,317
"1005",9860,"Heart of Midlothian",119,187,190,317
"1006",9860,"Heart of Midlothian",117,175,159,317
"1007",9860,"Heart of Midlothian",105,183,162,317
"1008",9860,"Heart of Midlothian",168,176,158,317
"1009",9864,"Málaga CF",115,155,155,377
"1010",9864,"Málaga CF",112,170,146,377
"1011",9864,"Málaga CF",77,191,164,377
"1012",9864,"Málaga CF",81,191,164,377
"1013",9864,"Málaga CF",123,188,164,377
"1014",9864,"Málaga CF",129,131,136,377
"1015",9865,"UD Almería",110,160,165,202
"1016",9865,"UD Almería",108,180,193,202
"1017",9865,"UD Almería",112,151,135,202
"1018",9865,"UD Almería",111,151,135,202
"1019",9865,"UD Almería",152,151,135,202
"1020",9865,"UD Almería",152,151,135,202
"1021",9867,"CD Tenerife",60,140,125,40
"1022",9867,"CD Tenerife",107,180,174,40
"1023",9867,"CD Tenerife",163,161,167,40
"1024",9867,"CD Tenerife",163,161,171,40
"1025",9868,"Xerez Club Deportivo",60,150,140,38
"1026",9868,"Xerez Club Deportivo",98,159,165,38
"1027",9868,"Xerez Club Deportivo",104,138,153,38
"1028",9868,"Xerez Club Deportivo",104,138,153,38
"1029",9869,"Real Sporting de Gijón",125,185,195,200
"1030",9869,"Real Sporting de Gijón",121,183,164,200
"1031",9869,"Real Sporting de Gijón",94,173,135,200
"1032",9869,"Real Sporting de Gijón",98,173,135,200
"1033",9869,"Real Sporting de Gijón",146,173,135,200
"1034",9869,"Real Sporting de Gijón",153,159,140,200
"1035",9873,"Valenciennes FC",130,170,115,256
"1036",9873,"Valenciennes FC",115,165,155,256
"1037",9873,"Valenciennes FC",99,172,151,256
"1038",9873,"Valenciennes FC",99,188,151,256
"1039",9873,"Valenciennes FC",160,174,144,256
"1040",9873,"Valenciennes FC",160,174,144,256
"1041",9874,"FC Sochaux-Montbéliard",136,125,160,246
"1042",9874,"FC Sochaux-Montbéliard",100,135,165,246
"1043",9874,"FC Sochaux-Montbéliard",102,184,146,246
"1044",9874,"FC Sochaux-Montbéliard",102,176,146,246
"1045",9874,"FC Sochaux-Montbéliard",164,176,146,246
"1046",9874,"FC Sochaux-Montbéliard",164,176,146,246
"1047",9875,"Napoli",100,135,165,514
"1048",9875,"Napoli",85,180,165,514
"1049",9875,"Napoli",110,180,150,514
"1050",9875,"Napoli",120,190,154,514
"1051",9875,"Napoli",180,215,159,514
"1052",9875,"Napoli",160,189,157,514
"1053",9876,"Hellas Verona",100,150,150,145
"1054",9876,"Hellas Verona",121,173,169,145
"1055",9876,"Hellas Verona",157,148,115,145
"1056",9876,"Hellas Verona",124,148,158,145
"1057",9878,"Pescara",110,120,145,27
"1058",9878,"Pescara",130,180,125,27
"1059",9878,"Pescara",95,141,140,27
"1060",9878,"Pescara",152,169,120,27
"1061",9878,"Pescara",148,131,128,27
"1062",9879,"Fulham",130,190,115,265
"1063",9879,"Fulham",105,140,130,265
"1064",9879,"Fulham",93,154,138,265
"1065",9879,"Fulham",101,164,135,265
"1066",9879,"Fulham",142,153,96,265
"1067",9879,"Fulham",134,152,98,265
"1068",9880,"Cesena",60,145,130,98
"1069",9880,"Cesena",100,120,140,98
"1070",9880,"Cesena",100,150,130,98
"1071",9880,"Cesena",117,170,145,98
"1072",9880,"Cesena",143,170,145,98
"1073",9880,"Cesena",138,163,145,98
"1074",9882,"Sampdoria",90,125,135,318
"1075",9882,"Sampdoria",115,180,135,318
"1076",9882,"Sampdoria",70,135,140,318
"1077",9882,"Sampdoria",74,144,154,318
"1078",9882,"Sampdoria",130,163,175,318
"1079",9882,"Sampdoria",130,130,154,318
"1080",9885,"Juventus",80,170,155,543
"1081",9885,"Juventus",115,177,145,543
"1082",9885,"Juventus",85,180,125,543
"1083",9885,"Juventus",72,186,169,543
"1084",9885,"Juventus",97,189,126,543
"1085",9885,"Juventus",105,195,135,543
"1086",9888,"Lecce",70,175,165,121
"1087",9888,"Lecce",100,162,150,121
"1088",9888,"Lecce",95,135,140,121
"1089",9891,"Frosinone",60,140,125,35
"1090",9891,"Frosinone",118,156,193,35
"1091",9891,"Frosinone",157,151,159,35
"1092",9904,"Hannover 96",125,175,210,359
"1093",9904,"Hannover 96",111,151,129,359
"1094",9904,"Hannover 96",123,171,131,359
"1095",9904,"Hannover 96",136,146,134,359
"1096",9904,"Hannover 96",141,129,141,359
"1097",9904,"Hannover 96",144,129,146,359
"1098",9905,"1. FSV Mainz 05",85,185,170,320
"1099",9905,"1. FSV Mainz 05",115,174,153,320
"1100",9905,"1. FSV Mainz 05",125,154,170,320
"1101",9905,"1. FSV Mainz 05",118,148,166,320
"1102",9905,"1. FSV Mainz 05",178,137,165,320
"1103",9905,"1. FSV Mainz 05",156,133,164,320
"1104",9906,"Atlético Madrid",94,185,159,524
"1105",9906,"Atlético Madrid",111,206,160,524
"1106",9906,"Atlético Madrid",98,184,144,524
"1107",9906,"Atlético Madrid",98,189,144,524
"1108",9906,"Atlético Madrid",150,188,144,524
"1109",9906,"Atlético Madrid",157,172,143,524
"1110",9908,"FC Utrecht",90,150,90,408
"1111",9908,"FC Utrecht",111,182,125,408
"1112",9908,"FC Utrecht",99,158,141,408
"1113",9908,"FC Utrecht",99,166,141,408
"1114",9908,"FC Utrecht",152,156,141,408
"1115",9908,"FC Utrecht",143,147,159,408
"1116",9910,"RC Celta de Vigo",65,160,115,184
"1117",9910,"RC Celta de Vigo",87,158,128,184
"1118",9910,"RC Celta de Vigo",115,179,162,184
"1119",9910,"RC Celta de Vigo",115,179,162,184
"1120",9910,"RC Celta de Vigo",169,179,159,184
"1121",9910,"RC Celta de Vigo",152,139,169,184
"1122",9911,"VfL Bochum",115,150,140,72
"1123",9911,"VfL Bochum",111,156,164,72
"1124",9911,"VfL Bochum",88,142,136,72
"1125",9911,"VfL Bochum",88,142,134,72
"1126",9911,"VfL Bochum",140,141,136,72
"1127",9911,"VfL Bochum",164,172,172,72
"1128",9912,"DSC Arminia Bielefeld",105,165,135,29
"1129",9912,"DSC Arminia Bielefeld",104,120,136,29
"1130",9912,"DSC Arminia Bielefeld",166,159,138,29
"1131",9925,"Celtic",140,205,200,695
"1132",9925,"Celtic",106,170,159,695
"1133",9925,"Celtic",128,172,160,695
"1134",9925,"Celtic",103,175,166,695
"1135",9925,"Celtic",180,178,165,695
"1136",9925,"Celtic",156,164,169,695
"1137",9927,"Motherwell",140,205,200,403
"1138",9927,"Motherwell",97,152,141,403
"1139",9927,"Motherwell",125,146,142,403
"1140",9927,"Motherwell",121,154,146,403
"1141",9927,"Motherwell",172,149,146,403
"1142",9927,"Motherwell",165,116,132,403
"1143",9930,"FC Aarau",110,180,150,153
"1144",9930,"FC Aarau",156,181,145,153
"1145",9930,"FC Aarau",142,181,145,153
"1146",9931,"FC Basel",85,165,180,619
"1147",9931,"FC Basel",86,154,146,619
"1148",9931,"FC Basel",107,186,158,619
"1149",9931,"FC Basel",107,186,158,619
"1150",9931,"FC Basel",170,186,158,619
"1151",9931,"FC Basel",170,186,158,619
"1152",9938,"Dundee United",140,205,200,438
"1153",9938,"Dundee United",121,187,177,438
"1154",9938,"Dundee United",120,135,130,438
"1155",9938,"Dundee United",105,150,134,438
"1156",9938,"Dundee United",171,145,133,438
"1157",9938,"Dundee United",171,149,143,438
"1158",9941,"Toulouse FC",105,150,105,339
"1159",9941,"Toulouse FC",115,165,140,339
"1160",9941,"Toulouse FC",102,122,130,339
"1161",9941,"Toulouse FC",102,122,130,339
"1162",9941,"Toulouse FC",158,143,137,339
"1163",9941,"Toulouse FC",158,122,130,339
"1164",9956,"Grasshopper Club Zürich",80,180,160,429
"1165",9956,"Grasshopper Club Zürich",120,184,153,429
"1166",9956,"Grasshopper Club Zürich",104,152,126,429
"1167",9956,"Grasshopper Club Zürich",104,152,126,429
"1168",9956,"Grasshopper Club Zürich",164,152,126,429
"1169",9956,"Grasshopper Club Zürich",164,152,126,429
"1170",9976,"Bari",60,135,115,76
"1171",9976,"Bari",100,193,160,76
"1172",9976,"Bari",100,135,140,76
"1173",9976,"Bari",112,158,161,76
"1174",9976,"Bari",152,154,153,76
"1175",9976,"Bari",157,143,156,76
"1176",9984,"KSV Cercle Brugge",80,170,195,213
"1177",9984,"KSV Cercle Brugge",100,200,180,213
"1178",9984,"KSV Cercle Brugge",122,165,168,213
"1179",9984,"KSV Cercle Brugge",93,165,168,213
"1180",9984,"KSV Cercle Brugge",145,152,168,213
"1181",9984,"KSV Cercle Brugge",145,152,168,213
"1182",9985,"Standard de Liège",93,175,205,341
"1183",9985,"Standard de Liège",134,182,172,341
"1184",9985,"Standard de Liège",145,173,157,341
"1185",9985,"Standard de Liège",116,173,157,341
"1186",9985,"Standard de Liège",161,173,151,341
"1187",9985,"Standard de Liège",161,173,151,341
"1188",9986,"Sporting Charleroi",90,148,210,201
"1189",9986,"Sporting Charleroi",83,120,155,201
"1190",9986,"Sporting Charleroi",113,146,139,201
"1191",9986,"Sporting Charleroi",160,146,139,201
"1192",9986,"Sporting Charleroi",160,146,136,201
"1193",9987,"KRC Genk",90,145,205,348
"1194",9987,"KRC Genk",118,182,149,348
"1195",9987,"KRC Genk",108,159,147,348
"1196",9987,"KRC Genk",96,171,147,348
"1197",9987,"KRC Genk",148,171,147,348
"1198",9987,"KRC Genk",148,155,163,348
"1199",9989,"Lierse SK",113,150,139,113
"1200",9989,"Lierse SK",127,169,159,113
"1201",9989,"Lierse SK",127,169,152,113
"1202",9989,"Lierse SK",171,169,152,113
"1203",9989,"Lierse SK",171,169,152,113
"1204",9991,"KAA Gent",135,170,135,390
"1205",9991,"KAA Gent",110,184,138,390
"1206",9991,"KAA Gent",97,168,145,390
"1207",9991,"KAA Gent",87,128,143,390
"1208",9991,"KAA Gent",142,128,166,390
"1209",9991,"KAA Gent",142,142,155,390
"1210",9993,"Beerschot AC",70,135,210,174
"1211",9993,"Beerschot AC",84,185,115,174
"1212",9993,"Beerschot AC",110,142,141,174
"1213",9993,"Beerschot AC",86,151,158,174
"1214",9994,"Sporting Lokeren",120,140,200,279
"1215",9994,"Sporting Lokeren",119,146,161,279
"1216",9994,"Sporting Lokeren",119,151,149,279
"1217",9994,"Sporting Lokeren",119,131,149,279
"1218",9994,"Sporting Lokeren",159,154,149,279
"1219",9994,"Sporting Lokeren",159,154,149,279
"1220",9996,"Royal Excel Mouscron",150,150,140,42
"1221",9996,"Royal Excel Mouscron",150,150,140,42
"1222",9997,"Sint-Truidense VV",100,150,150,115
"1223",9997,"Sint-Truidense VV",106,153,138,115
"1224",9997,"Sint-Truidense VV",107,154,113,115
"1225",9998,"RAEC Mons",100,149,138,129
"1226",9998,"RAEC Mons",100,168,138,129
"1227",9998,"RAEC Mons",160,168,138,129
"1228",9999,"KSV Roeselare",125,125,205,62
"1229",10000,"SV Zulte-Waregem",125,150,200,306
"1230",10000,"SV Zulte-Waregem",104,153,147,306
"1231",10000,"SV Zulte-Waregem",105,149,152,306
"1232",10000,"SV Zulte-Waregem",105,131,139,306
"1233",10000,"SV Zulte-Waregem",147,131,139,306
"1234",10000,"SV Zulte-Waregem",147,131,139,306
"1235",10001,"KVC Westerlo",105,140,210,217
"1236",10001,"KVC Westerlo",86,167,174,217
"1237",10001,"KVC Westerlo",102,151,146,217
"1238",10001,"KVC Westerlo",148,144,146,217
"1239",10003,"Swansea City",135,210,210,233
"1240",10003,"Swansea City",100,167,155,233
"1241",10003,"Swansea City",50,158,166,233
"1242",10003,"Swansea City",80,122,167,233
"1243",10003,"Swansea City",131,121,163,233
"1244",10003,"Swansea City",131,125,120,233
"1245",10167,"Parma",60,170,145,272
"1246",10167,"Parma",80,168,142,272
"1247",10167,"Parma",80,165,140,272
"1248",10167,"Parma",81,153,128,272
"1249",10167,"Parma",152,176,166,272
"1250",10167,"Parma",147,176,132,272
"1251",10172,"Queens Park Rangers",140,210,210,115
"1252",10172,"Queens Park Rangers",100,136,127,115
"1253",10172,"Queens Park Rangers",115,156,137,115
"1254",10172,"Queens Park Rangers",112,146,140,115
"1255",10172,"Queens Park Rangers",141,161,148,115
"1256",10172,"Queens Park Rangers",130,166,148,115
"1257",10179,"FC Sion",95,170,120,371
"1258",10179,"FC Sion",103,177,123,371
"1259",10179,"FC Sion",98,165,142,371
"1260",10179,"FC Sion",98,165,142,371
"1261",10179,"FC Sion",155,165,146,371
"1262",10179,"FC Sion",155,165,146,371
"1263",10189,"FC Schalke 04",120,195,185,426
"1264",10189,"FC Schalke 04",120,187,142,426
"1265",10189,"FC Schalke 04",86,167,140,426
"1266",10189,"FC Schalke 04",107,168,145,426
"1267",10189,"FC Schalke 04",138,139,142,426
"1268",10189,"FC Schalke 04",143,162,170,426
"1269",10190,"FC St. Gallen",95,145,155,276
"1270",10190,"FC St. Gallen",102,157,152,276
"1271",10190,"FC St. Gallen",100,115,133,276
"1272",10190,"FC St. Gallen",146,115,133,276
"1273",10190,"FC St. Gallen",146,115,128,276
"1274",10191,"FC Thun",90,131,117,279
"1275",10191,"FC Thun",93,165,145,279
"1276",10191,"FC Thun",93,165,145,279
"1277",10191,"FC Thun",152,166,145,279
"1278",10191,"FC Thun",152,166,145,279
"1279",10192,"BSC Young Boys",110,185,170,529
"1280",10192,"BSC Young Boys",117,202,158,529
"1281",10192,"BSC Young Boys",121,155,128,529
"1282",10192,"BSC Young Boys",121,155,128,529
"1283",10192,"BSC Young Boys",172,151,128,529
"1284",10192,"BSC Young Boys",172,151,128,529
"1285",10194,"Stoke City",135,195,140,322
"1286",10194,"Stoke City",130,135,140,322
"1287",10194,"Stoke City",150,167,153,322
"1288",10194,"Stoke City",148,158,110,322
"1289",10194,"Stoke City",127,145,119,322
"1290",10194,"Stoke City",138,159,132,322
"1291",10199,"FC Luzern",105,175,135,421
"1292",10199,"FC Luzern",105,161,153,421
"1293",10199,"FC Luzern",94,159,145,421
"1294",10199,"FC Luzern",94,159,145,421
"1295",10199,"FC Luzern",165,160,151,421
"1296",10199,"FC Luzern",165,160,151,421
"1297",10205,"Villarreal CF",94,160,165,364
"1298",10205,"Villarreal CF",83,161,152,364
"1299",10205,"Villarreal CF",46,158,158,364
"1300",10205,"Villarreal CF",50,158,158,364
"1301",10205,"Villarreal CF",112,158,158,364
"1302",10205,"Villarreal CF",126,143,139,364
"1303",10211,"SC Beira Mar",94,157,155,93
"1304",10211,"SC Beira Mar",87,165,150,93
"1305",10211,"SC Beira Mar",87,165,150,93
"1306",10212,"CS Marítimo",60,170,90,316
"1307",10212,"CS Marítimo",60,165,144,316
"1308",10212,"CS Marítimo",82,185,133,316
"1309",10212,"CS Marítimo",82,185,133,316
"1310",10212,"CS Marítimo",182,186,126,316
"1311",10212,"CS Marítimo",176,186,133,316
"1312",10214,"CD Nacional",75,165,90,332
"1313",10214,"CD Nacional",77,165,138,332
"1314",10214,"CD Nacional",84,165,156,332
"1315",10214,"CD Nacional",84,165,156,332
"1316",10214,"CD Nacional",143,150,141,332
"1317",10214,"CD Nacional",167,150,141,332
"1318",10215,"Académica de Coimbra",60,165,90,240
"1319",10215,"Académica de Coimbra",80,155,140,240
"1320",10215,"Académica de Coimbra",89,172,151,240
"1321",10215,"Académica de Coimbra",89,172,151,240
"1322",10215,"Académica de Coimbra",149,166,138,240
"1323",10215,"Académica de Coimbra",150,166,138,240
"1324",10217,"ADO Den Haag",65,145,90,366
"1325",10217,"ADO Den Haag",106,181,173,366
"1326",10217,"ADO Den Haag",82,159,170,366
"1327",10217,"ADO Den Haag",85,154,160,366
"1328",10217,"ADO Den Haag",160,151,159,366
"1329",10217,"ADO Den Haag",162,145,142,366
"1330",10218,"Excelsior",132,162,105,154
"1331",10218,"Excelsior",99,145,85,154
"1332",10218,"Excelsior",163,136,106,154
"1333",10219,"RKC Waalwijk",80,150,150,153
"1334",10219,"RKC Waalwijk",95,135,125,153
"1335",10219,"RKC Waalwijk",95,159,93,153
"1336",10219,"RKC Waalwijk",142,133,99,153
"1337",10228,"SC Heerenveen",65,150,90,470
"1338",10228,"SC Heerenveen",97,171,183,470
"1339",10228,"SC Heerenveen",120,162,137,470
"1340",10228,"SC Heerenveen",84,142,138,470
"1341",10228,"SC Heerenveen",147,154,138,470
"1342",10228,"SC Heerenveen",150,152,138,470
"1343",10229,"AZ",100,130,110,492
"1344",10229,"AZ",76,185,175,492
"1345",10229,"AZ",82,147,184,492
"1346",10229,"AZ",102,167,174,492
"1347",10229,"AZ",136,168,166,492
"1348",10229,"AZ",154,173,166,492
"1349",10233,"Genoa",120,175,135,392
"1350",10233,"Genoa",100,150,154,392
"1351",10233,"Genoa",100,150,140,392
"1352",10233,"Genoa",102,182,146,392
"1353",10233,"Genoa",184,168,123,392
"1354",10233,"Genoa",184,134,127,392
"1355",10235,"Feyenoord",60,131,90,489
"1356",10235,"Feyenoord",100,108,160,489
"1357",10235,"Feyenoord",72,154,140,489
"1358",10235,"Feyenoord",88,160,126,489
"1359",10235,"Feyenoord",154,165,126,489
"1360",10235,"Feyenoord",131,146,129,489
"1361",10238,"Vitória Setúbal",60,165,90,238
"1362",10238,"Vitória Setúbal",100,165,140,238
"1363",10238,"Vitória Setúbal",98,158,132,238
"1364",10238,"Vitória Setúbal",98,158,132,238
"1365",10238,"Vitória Setúbal",147,158,132,238
"1366",10238,"Vitória Setúbal",149,158,132,238
"1367",10242,"ES Troyes AC",85,135,140,71
"1368",10242,"ES Troyes AC",100,150,137,71
"1369",10242,"ES Troyes AC",100,150,137,71
"1370",10242,"ES Troyes AC",148,147,137,71
"1371",10242,"ES Troyes AC",148,147,137,71
"1372",10243,"FC Zürich",105,165,155,468
"1373",10243,"FC Zürich",104,165,163,468
"1374",10243,"FC Zürich",108,154,146,468
"1375",10243,"FC Zürich",108,154,146,468
"1376",10243,"FC Zürich",157,151,146,468
"1377",10243,"FC Zürich",157,151,146,468
"1378",10249,"Montpellier Hérault SC",70,160,210,344
"1379",10249,"Montpellier Hérault SC",100,135,155,344
"1380",10249,"Montpellier Hérault SC",99,149,114,344
"1381",10249,"Montpellier Hérault SC",99,149,114,344
"1382",10249,"Montpellier Hérault SC",157,149,157,344
"1383",10249,"Montpellier Hérault SC",162,142,157,344
"1384",10251,"Hibernian",140,200,200,259
"1385",10251,"Hibernian",99,168,145,259
"1386",10251,"Hibernian",99,138,122,259
"1387",10251,"Hibernian",106,150,153,259
"1388",10251,"Hibernian",148,139,124,259
"1389",10252,"Aston Villa",129,185,130,335
"1390",10252,"Aston Villa",115,150,145,335
"1391",10252,"Aston Villa",125,160,145,335
"1392",10252,"Aston Villa",122,141,134,335
"1393",10252,"Aston Villa",170,167,133,335
"1394",10252,"Aston Villa",154,146,133,335
"1395",10260,"Manchester United",115,180,130,582
"1396",10260,"Manchester United",105,200,155,582
"1397",10260,"Manchester United",100,161,146,582
"1398",10260,"Manchester United",84,151,154,582
"1399",10260,"Manchester United",134,177,139,582
"1400",10260,"Manchester United",124,133,163,582
"1401",10261,"Newcastle United",130,195,155,324
"1402",10261,"Newcastle United",105,170,140,324
"1403",10261,"Newcastle United",108,170,142,324
"1404",10261,"Newcastle United",130,145,131,324
"1405",10261,"Newcastle United",134,137,161,324
"1406",10261,"Newcastle United",152,147,131,324
"1407",10264,"SC Braga",60,165,90,398
"1408",10264,"SC Braga",60,165,150,398
"1409",10264,"SC Braga",99,158,110,398
"1410",10264,"SC Braga",120,158,120,398
"1411",10264,"SC Braga",143,157,120,398
"1412",10264,"SC Braga",145,166,120,398
"1413",10265,"Wisła Kraków",75,160,205,332
"1414",10265,"Wisła Kraków",115,183,157,332
"1415",10265,"Wisła Kraków",50,154,179,332
"1416",10265,"Wisła Kraków",60,154,179,332
"1417",10265,"Wisła Kraków",135,155,179,332
"1418",10265,"Wisła Kraków",119,101,157,332
"1419",10267,"Valencia CF",60,185,175,484
"1420",10267,"Valencia CF",81,175,142,484
"1421",10267,"Valencia CF",55,149,148,484
"1422",10267,"Valencia CF",55,149,148,484
"1423",10267,"Valencia CF",110,149,148,484
"1424",10267,"Valencia CF",116,146,147,484
"1425",10268,"Elche CF",60,165,140,65
"1426",10268,"Elche CF",82,141,130,65
"1427",10268,"Elche CF",128,164,158,65
"1428",10268,"Elche CF",128,164,158,65
"1429",10268,"Elche CF",171,164,158,65
"1430",10268,"Elche CF",151,164,158,65
"1431",10269,"VfB Stuttgart",100,200,175,415
"1432",10269,"VfB Stuttgart",112,178,140,415
"1433",10269,"VfB Stuttgart",92,170,134,415
"1434",10269,"VfB Stuttgart",100,189,137,415
"1435",10269,"VfB Stuttgart",168,164,140,415
"1436",10269,"VfB Stuttgart",155,172,117,415
"1437",10278,"Hércules Club de Fútbol",70,155,120,36
"1438",10278,"Hércules Club de Fútbol",109,152,159,36
"1439",10278,"Hércules Club de Fútbol",107,178,160,36
"1440",10278,"Hércules Club de Fútbol",107,178,160,36
"1441",10278,"Hércules Club de Fútbol",154,178,160,36
"1442",10281,"Real Valladolid",95,135,125,170
"1443",10281,"Real Valladolid",109,166,154,170
"1444",10281,"Real Valladolid",109,172,161,170
"1445",10281,"Real Valladolid",109,172,161,170
"1446",10281,"Real Valladolid",153,167,161,170
"1447",10281,"Real Valladolid",148,147,134,170
"1448",108893,"AC Arles-Avignon",115,95,115,21
"1449",108893,"AC Arles-Avignon",115,105,105,21
"1450",108893,"AC Arles-Avignon",56,132,112,21
"1451",108893,"AC Arles-Avignon",89,141,140,21
"1452",108893,"AC Arles-Avignon",141,132,154,21
"1453",108893,"AC Arles-Avignon",156,138,158,21
"1454",158085,"FC Arouca",174,160,109,101
"1455",158085,"FC Arouca",170,160,113,101
"1456",208931,"Carpi",109,137,141,37
"1457",208931,"Carpi",190,160,115,37
"1458",274581,"Royal Excel Mouscron",150,150,140,71
